"3087","603888","603888,新华网","（新华网）,新华网：,据新华网,新华网评论"
"2228","300059","300059,东方财富","（东方财富网）,东方财富网：,据东方财富网：,东方财富网评论"
"93","600295","600295,鄂尔多斯","鄂尔多斯市"
"1472","600482","600482,中国动力","中国动力电池"
"1946","601398","601398,工商银行,工行","化工行业"
"724","600736","600736,苏州高新","苏州高新区"
"1351","600977","600977,中国电影","中国电影票房,中国电影未来"
"2279","000591","000591,太阳能","太阳能电池,中国太阳能,太阳能产业"
"1136","600617","600617,国新能源","中国新能源"
"60","002500","002500,山西证券","山西证券分析师,山西证券的分析"
"138","600109","600109,国金证券","国金证券分析师,国金证券的分析"
"185","601555","601555,东吴证券","东吴证券分析师,东吴证券的分析"
"189","601198","601198,东兴证券","东兴证券分析师,东兴证券的分析"
"221","601688","601688,华泰证券","华泰证券分析师,华泰证券的分析"
"267","002673","002673,西部证券","西部证券分析师,西部证券的分析"
"273","600030","600030,中信证券","中信证券分析师,中信证券的分析"
"277","601878","601878,浙商证券","浙商证券分析师,浙商证券的分析"
"280","002926","002926,华西证券","华西证券分析师,华西证券的分析"
"292","601108","601108,财通证券","财通证券分析师,财通证券的分析"
"297","000728","000728,国元证券","国元证券分析师,国元证券的分析"
"312","601375","601375,中原证券","中原证券分析师,中原证券的分析"
"332","601788","601788,光大证券","光大证券分析师,光大证券的分析"
"348","600837","600837,海通证券","海通证券分析师,海通证券的分析"
"382","600958","600958,东方证券","东方证券分析师,东方证券的分析"
"393","601377","601377,兴业证券","兴业证券分析师,兴业证券的分析"
"406","000776","000776,广发证券","广发证券分析师,广发证券的分析"
"411","002736","002736,国信证券","国信证券分析师,国信证券的分析"
"420","000686","000686,东北证券","东北证券分析师,东北证券的分析"
"463","601901","601901,方正证券","方正证券分析师,方正证券的分析"
"467","600369","600369,西南证券","西南证券分析师,西南证券的分析"
"535","600909","600909,华安证券","华安证券分析师,华安证券的分析"
"660","600999","600999,招商证券","招商证券分析师,招商证券的分析"
"748","000750","000750,国海证券","国海证券分析师,国海证券的分析"
"866","000783","000783,长江证券","长江证券分析师,长江证券的分析"